{
    "train": {
        "accuracy": 0.9827142857142858,
        "precision": 0.9828795403491998,
        "recall": 0.9827142857142858,
        "f1_score": 0.982667080130218,
        "confusion_matrix": [
            [
                733,
                0,
                0,
                0,
                0,
                0,
                0,
                0,
                0,
                0
            ],
            [
                0,
                603,
                0,
                8,
                0,
                0,
                0,
                0,
                0,
                0
            ],
            [
                0,
                0,
                1239,
                0,
                1,
                0,
                0,
                0,
                0,
                1
            ],
            [
                0,
                11,
                0,
                641,
                0,
                0,
                0,
                0,
                0,
                0
            ],
            [
                0,
                0,
                7,
                0,
                712,
                0,
                0,
                4,
                0,
                0
            ],
            [
                0,
                0,
                0,
                0,
                0,
                630,
                0,
                0,
                0,
                9
            ],
            [
                0,
                0,
                0,
                0,
                0,
                0,
                633,
                1,
                0,
                0
            ],
            [
                0,
                0,
                6,
                0,
                20,
                0,
                7,
                601,
                0,
                0
            ],
            [
                0,
                0,
                20,
                0,
                1,
                0,
                0,
                0,
                589,
                0
            ],
            [
                0,
                0,
                6,
                0,
                0,
                17,
                0,
                2,
                0,
                498
            ]
        ],
        "classification_report": {
            "0": {
                "precision": 1.0,
                "recall": 1.0,
                "f1-score": 1.0,
                "support": 733.0
            },
            "1": {
                "precision": 0.9820846905537459,
                "recall": 0.9869067103109657,
                "f1-score": 0.9844897959183674,
                "support": 611.0
            },
            "2": {
                "precision": 0.9694835680751174,
                "recall": 0.9983883964544722,
                "f1-score": 0.9837236998809051,
                "support": 1241.0
            },
            "3": {
                "precision": 0.987673343605547,
                "recall": 0.9831288343558282,
                "f1-score": 0.9853958493466565,
                "support": 652.0
            },
            "4": {
                "precision": 0.9700272479564033,
                "recall": 0.9847856154910097,
                "f1-score": 0.9773507206588882,
                "support": 723.0
            },
            "5": {
                "precision": 0.973724884080371,
                "recall": 0.9859154929577465,
                "f1-score": 0.9797822706065319,
                "support": 639.0
            },
            "6": {
                "precision": 0.9890625,
                "recall": 0.998422712933754,
                "f1-score": 0.9937205651491365,
                "support": 634.0
            },
            "7": {
                "precision": 0.9884868421052632,
                "recall": 0.9479495268138801,
                "f1-score": 0.9677938808373591,
                "support": 634.0
            },
            "8": {
                "precision": 1.0,
                "recall": 0.9655737704918033,
                "f1-score": 0.9824854045037531,
                "support": 610.0
            },
            "9": {
                "precision": 0.9803149606299213,
                "recall": 0.9521988527724665,
                "f1-score": 0.9660523763336566,
                "support": 523.0
            },
            "accuracy": 0.9827142857142858,
            "macro avg": {
                "precision": 0.984085803700637,
                "recall": 0.9803269912581927,
                "f1-score": 0.9820794563235256,
                "support": 7000.0
            },
            "weighted avg": {
                "precision": 0.9828795403491998,
                "recall": 0.9827142857142858,
                "f1-score": 0.982667080130218,
                "support": 7000.0
            }
        }
    },
    "validation": {
        "accuracy": 0.972,
        "precision": 0.9723069480219728,
        "recall": 0.972,
        "f1_score": 0.9719254626127102,
        "confusion_matrix": [
            [
                157,
                0,
                0,
                0,
                0,
                0,
                0,
                0,
                0,
                0
            ],
            [
                0,
                123,
                0,
                8,
                0,
                0,
                0,
                0,
                0,
                0
            ],
            [
                0,
                0,
                262,
                0,
                1,
                0,
                0,
                0,
                2,
                1
            ],
            [
                0,
                2,
                0,
                137,
                0,
                0,
                0,
                0,
                0,
                0
            ],
            [
                0,
                0,
                4,
                0,
                148,
                0,
                0,
                3,
                0,
                0
            ],
            [
                0,
                0,
                0,
                0,
                0,
                135,
                0,
                0,
                0,
                2
            ],
            [
                0,
                0,
                0,
                0,
                0,
                0,
                134,
                2,
                0,
                0
            ],
            [
                0,
                0,
                0,
                0,
                1,
                0,
                1,
                132,
                2,
                0
            ],
            [
                0,
                0,
                3,
                0,
                0,
                0,
                0,
                0,
                128,
                0
            ],
            [
                0,
                0,
                2,
                0,
                0,
                5,
                0,
                2,
                1,
                102
            ]
        ],
        "classification_report": {
            "0": {
                "precision": 1.0,
                "recall": 1.0,
                "f1-score": 1.0,
                "support": 157.0
            },
            "1": {
                "precision": 0.984,
                "recall": 0.9389312977099237,
                "f1-score": 0.9609375,
                "support": 131.0
            },
            "2": {
                "precision": 0.966789667896679,
                "recall": 0.9849624060150376,
                "f1-score": 0.9757914338919925,
                "support": 266.0
            },